timestamp,soil_raw,temperature_c,humidity_pct,plant_id,soil_condition,irrigation_label,session_id,label_source,source_file,moisture_pct
2025-03-03 15:00:00,296,31.2,76.3,PlantPot_02,wet,NO_WATER,session_02,manual,session_02.csv,92.571434
2025-03-03 15:10:00,303,31.8,69.0,PlantPot_02,wet,NO_WATER,session_02,manual,session_02.csv,90.57143
2025-03-03 15:20:00,305,31.6,64.6,PlantPot_02,wet,NO_WATER,session_02,manual,session_02.csv,90.0
2025-03-03 15:30:00,330,31.5,74.9,PlantPot_02,wet,NO_WATER,session_02,manual,session_02.csv,82.85715
2025-03-03 15:40:00,350,31.3,69.5,PlantPot_02,wet,NO_WATER,session_02,manual,session_02.csv,77.14286
2025-03-03 15:50:00,337,32.1,74.5,PlantPot_02,wet,NO_WATER,session_02,manual,session_02.csv,80.85715
2025-03-03 16:00:00,363,30.8,73.0,PlantPot_02,wet,NO_WATER,session_02,manual,session_02.csv,73.42857
2025-03-03 16:10:00,364,29.8,72.0,PlantPot_02,wet,NO_WATER,session_02,manual,session_02.csv,73.14285
2025-03-03 16:20:00,375,31.5,72.0,PlantPot_02,wet,NO_WATER,session_02,manual,session_02.csv,70.0
2025-03-03 16:30:00,376,30.4,79.7,PlantPot_02,wet,NO_WATER,session_02,manual,session_02.csv,69.71429
2025-03-03 16:40:00,390,30.6,80.0,PlantPot_02,wet,NO_WATER,session_02,manual,session_02.csv,65.71429
2025-03-03 16:50:00,409,31.1,71.4,PlantPot_02,moist,NO_WATER,session_02,manual,session_02.csv,60.285717
2025-03-03 17:00:00,411,29.5,73.5,PlantPot_02,moist,NO_WATER,session_02,manual,session_02.csv,59.714287
2025-03-03 17:10:00,427,29.6,77.0,PlantPot_02,moist,NO_WATER,session_02,manual,session_02.csv,55.142857
2025-03-03 17:20:00,430,29.3,69.7,PlantPot_02,moist,NO_WATER,session_02,manual,session_02.csv,54.285717
2025-03-03 17:30:00,431,29.6,74.1,PlantPot_02,moist,NO_WATER,session_02,manual,session_02.csv,54.000004
2025-03-03 17:40:00,447,30.1,72.1,PlantPot_02,moist,NO_WATER,session_02,manual,session_02.csv,49.42857
2025-03-03 17:50:00,444,30.0,73.6,PlantPot_02,moist,NO_WATER,session_02,manual,session_02.csv,50.285713
2025-03-03 18:00:00,452,29.8,69.2,PlantPot_02,moist,WATER,session_02,manual,session_02.csv,48.0
2025-03-03 18:10:00,450,28.8,67.3,PlantPot_02,moist,NO_WATER,session_02,manual,session_02.csv,48.57143
2025-03-03 18:20:00,458,28.2,66.0,PlantPot_02,moist,NO_WATER,session_02,manual,session_02.csv,46.285717
2025-03-03 18:30:00,458,29.2,68.7,PlantPot_02,moist,NO_WATER,session_02,manual,session_02.csv,46.285717
2025-03-03 18:40:00,475,28.8,71.8,PlantPot_02,moist,NO_WATER,session_02,manual,session_02.csv,41.428574
2025-03-03 18:50:00,465,29.2,72.0,PlantPot_02,moist,NO_WATER,session_02,manual,session_02.csv,44.285713
2025-03-03 19:00:00,483,29.1,81.0,PlantPot_02,moist,NO_WATER,session_02,manual,session_02.csv,39.142857
2025-03-03 19:10:00,481,28.7,78.2,PlantPot_02,moist,NO_WATER,session_02,manual,session_02.csv,39.714287
2025-03-03 19:20:00,495,28.9,69.7,PlantPot_02,moist,WATER,session_02,manual,session_02.csv,35.714287
2025-03-03 19:30:00,496,28.5,75.3,PlantPot_02,moist,NO_WATER,session_02,manual,session_02.csv,35.428574
2025-03-03 19:40:00,507,28.5,72.3,PlantPot_02,moist,WATER,session_02,manual,session_02.csv,32.285713
2025-03-03 19:50:00,504,27.7,73.7,PlantPot_02,moist,WATER,session_02,manual,session_02.csv,33.142857
2025-03-03 20:00:00,491,27.8,75.5,PlantPot_02,moist,NO_WATER,session_02,manual,session_02.csv,36.857143
2025-03-03 20:10:00,505,27.8,77.2,PlantPot_02,moist,WATER,session_02,manual,session_02.csv,32.857143
2025-03-03 20:20:00,501,28.0,73.1,PlantPot_02,moist,WATER,session_02,manual,session_02.csv,34.0
2025-03-03 20:30:00,509,27.3,79.5,PlantPot_02,moist,WATER,session_02,manual,session_02.csv,31.714285
2025-03-03 20:40:00,526,27.6,70.4,PlantPot_02,dry,WATER,session_02,manual,session_02.csv,26.857143
2025-03-03 20:50:00,523,27.0,75.6,PlantPot_02,dry,WATER,session_02,manual,session_02.csv,27.714285
2025-03-03 21:00:00,517,27.0,86.0,PlantPot_02,dry,WATER,session_02,manual,session_02.csv,29.428572
2025-03-03 21:10:00,517,27.3,76.2,PlantPot_02,dry,WATER,session_02,manual,session_02.csv,29.428572
2025-03-03 21:20:00,527,25.7,82.8,PlantPot_02,dry,WATER,session_02,manual,session_02.csv,26.571428
2025-03-03 21:30:00,521,25.9,77.2,PlantPot_02,dry,WATER,session_02,manual,session_02.csv,28.285715
2025-03-03 21:40:00,527,25.7,79.4,PlantPot_02,dry,WATER,session_02,manual,session_02.csv,26.571428
2025-03-03 21:50:00,537,25.1,77.5,PlantPot_02,dry,WATER,session_02,manual,session_02.csv,23.714287
2025-03-03 22:00:00,545,25.8,76.2,PlantPot_02,dry,WATER,session_02,manual,session_02.csv,21.428572
2025-03-03 22:10:00,543,26.4,73.1,PlantPot_02,dry,WATER,session_02,manual,session_02.csv,22.0
2025-03-03 22:20:00,525,25.8,78.6,PlantPot_02,dry,WATER,session_02,manual,session_02.csv,27.142859
2025-03-03 22:30:00,545,25.9,73.4,PlantPot_02,dry,WATER,session_02,manual,session_02.csv,21.428572
2025-03-03 22:40:00,546,26.2,79.1,PlantPot_02,dry,WATER,session_02,manual,session_02.csv,21.142857
2025-03-03 22:50:00,550,26.2,80.8,PlantPot_02,dry,WATER,session_02,manual,session_02.csv,20.0
2025-03-03 23:00:00,560,25.4,78.8,PlantPot_02,dry,WATER,session_02,manual,session_02.csv,17.142859
2025-03-03 23:10:00,536,26.0,75.6,PlantPot_02,dry,WATER,session_02,manual,session_02.csv,24.0
2025-03-03 23:20:00,548,25.3,79.3,PlantPot_02,dry,WATER,session_02,manual,session_02.csv,20.571428
2025-03-03 23:30:00,558,24.8,76.8,PlantPot_02,dry,WATER,session_02,manual,session_02.csv,17.714287
2025-03-03 23:40:00,544,24.8,81.8,PlantPot_02,dry,WATER,session_02,manual,session_02.csv,21.714285
2025-03-03 23:50:00,567,24.3,71.2,PlantPot_02,dry,NO_WATER,session_02,manual,session_02.csv,15.142857
2025-03-04 00:00:00,561,24.5,77.0,PlantPot_02,dry,WATER,session_02,manual,session_02.csv,16.857143
2025-03-04 00:10:00,566,24.7,70.2,PlantPot_02,dry,WATER,session_02,manual,session_02.csv,15.428572
2025-03-04 00:20:00,557,25.2,71.6,PlantPot_02,dry,WATER,session_02,manual,session_02.csv,18.0
2025-03-04 00:30:00,568,25.6,82.6,PlantPot_02,dry,WATER,session_02,manual,session_02.csv,14.857143
2025-03-04 00:40:00,571,24.0,82.5,PlantPot_02,dry,NO_WATER,session_02,manual,session_02.csv,14.0
2025-03-04 00:50:00,566,24.8,75.1,PlantPot_02,dry,WATER,session_02,manual,session_02.csv,15.428572
2025-03-04 01:00:00,568,24.1,72.8,PlantPot_02,dry,WATER,session_02,manual,session_02.csv,14.857143
2025-03-04 01:10:00,569,24.8,66.2,PlantPot_02,dry,WATER,session_02,manual,session_02.csv,14.571428
2025-03-04 01:20:00,562,24.5,76.2,PlantPot_02,dry,WATER,session_02,manual,session_02.csv,16.571428
2025-03-04 01:30:00,568,23.6,89.0,PlantPot_02,dry,WATER,session_02,manual,session_02.csv,14.857143
2025-03-04 01:40:00,569,24.9,79.7,PlantPot_02,dry,WATER,session_02,manual,session_02.csv,14.571428
2025-03-04 01:50:00,574,24.2,76.4,PlantPot_02,dry,WATER,session_02,manual,session_02.csv,13.142857
2025-03-04 02:00:00,579,24.2,80.5,PlantPot_02,dry,WATER,session_02,manual,session_02.csv,11.714286
2025-03-04 02:10:00,565,23.9,72.8,PlantPot_02,dry,WATER,session_02,manual,session_02.csv,15.714286
2025-03-04 02:20:00,573,24.1,77.6,PlantPot_02,dry,WATER,session_02,manual,session_02.csv,13.428572
2025-03-04 02:30:00,585,24.7,78.5,PlantPot_02,dry,WATER,session_02,manual,session_02.csv,10.0
2025-03-04 02:40:00,570,24.4,78.1,PlantPot_02,dry,WATER,session_02,manual,session_02.csv,14.285715
2025-03-04 02:50:00,570,24.7,81.3,PlantPot_02,dry,WATER,session_02,manual,session_02.csv,14.285715
2025-03-05 12:00:00,299,38.7,63.2,PlantPot_03,wet,NO_WATER,session_03,manual,session_03.csv,91.71429
2025-03-05 12:10:00,320,39.1,65.2,PlantPot_03,wet,NO_WATER,session_03,manual,session_03.csv,85.71429
2025-03-05 12:20:00,311,39.4,65.0,PlantPot_03,wet,NO_WATER,session_03,manual,session_03.csv,88.28571
2025-03-05 12:30:00,331,38.7,56.1,PlantPot_03,wet,WATER,session_03,manual,session_03.csv,82.57143
2025-03-05 12:40:00,352,38.8,53.4,PlantPot_03,wet,NO_WATER,session_03,manual,session_03.csv,76.57143
2025-03-05 12:50:00,337,40.0,65.1,PlantPot_03,wet,NO_WATER,session_03,manual,session_03.csv,80.85715
2025-03-05 13:00:00,349,39.5,66.4,PlantPot_03,wet,NO_WATER,session_03,manual,session_03.csv,77.42857
2025-03-05 13:10:00,363,38.6,58.6,PlantPot_03,wet,NO_WATER,session_03,manual,session_03.csv,73.42857
2025-03-05 13:20:00,371,40.3,53.3,PlantPot_03,wet,NO_WATER,session_03,manual,session_03.csv,71.14286
2025-03-05 13:30:00,389,40.1,61.4,PlantPot_03,wet,NO_WATER,session_03,manual,session_03.csv,66.0
2025-03-05 13:40:00,392,39.6,65.3,PlantPot_03,wet,NO_WATER,session_03,manual,session_03.csv,65.14286
2025-03-05 13:50:00,386,39.3,69.1,PlantPot_03,wet,NO_WATER,session_03,manual,session_03.csv,66.85714
2025-03-05 14:00:00,409,40.4,62.7,PlantPot_03,moist,NO_WATER,session_03,manual,session_03.csv,60.285717
2025-03-05 14:10:00,408,40.2,59.4,PlantPot_03,moist,NO_WATER,session_03,manual,session_03.csv,60.571426
2025-03-05 14:20:00,428,41.2,56.2,PlantPot_03,moist,NO_WATER,session_03,manual,session_03.csv,54.85714
2025-03-05 14:30:00,421,40.2,60.9,PlantPot_03,moist,NO_WATER,session_03,manual,session_03.csv,56.857143
2025-03-05 14:40:00,427,40.1,59.8,PlantPot_03,moist,NO_WATER,session_03,manual,session_03.csv,55.142857
2025-03-05 14:50:00,441,39.8,57.3,PlantPot_03,moist,NO_WATER,session_03,manual,session_03.csv,51.14286
2025-03-05 15:00:00,448,40.2,69.1,PlantPot_03,moist,NO_WATER,session_03,manual,session_03.csv,49.142857
2025-03-05 15:10:00,451,40.0,68.2,PlantPot_03,moist,NO_WATER,session_03,manual,session_03.csv,48.285713
2025-03-05 15:20:00,441,40.3,65.3,PlantPot_03,moist,NO_WATER,session_03,manual,session_03.csv,51.14286
2025-03-05 15:30:00,462,39.3,58.2,PlantPot_03,moist,WATER,session_03,manual,session_03.csv,45.142857
2025-03-05 15:40:00,456,39.2,65.4,PlantPot_03,moist,NO_WATER,session_03,manual,session_03.csv,46.857143
2025-03-05 15:50:00,469,39.1,64.6,PlantPot_03,moist,WATER,session_03,manual,session_03.csv,43.142857
2025-03-05 16:00:00,462,39.6,63.3,PlantPot_03,moist,WATER,session_03,manual,session_03.csv,45.142857
2025-03-05 16:10:00,479,39.8,66.3,PlantPot_03,moist,WATER,session_03,manual,session_03.csv,40.285717
2025-03-05 16:20:00,475,38.7,65.1,PlantPot_03,moist,WATER,session_03,manual,session_03.csv,41.428574
2025-03-05 16:30:00,475,38.5,65.7,PlantPot_03,moist,WATER,session_03,manual,session_03.csv,41.428574
2025-03-05 16:40:00,493,38.7,65.1,PlantPot_03,moist,WATER,session_03,manual,session_03.csv,36.285713
2025-03-05 16:50:00,494,38.2,64.4,PlantPot_03,moist,WATER,session_03,manual,session_03.csv,36.0
2025-03-05 17:00:00,491,38.7,55.4,PlantPot_03,moist,WATER,session_03,manual,session_03.csv,36.857143
2025-03-05 17:10:00,509,36.9,64.8,PlantPot_03,moist,WATER,session_03,manual,session_03.csv,31.714285
2025-03-05 17:20:00,499,37.4,61.7,PlantPot_03,moist,WATER,session_03,manual,session_03.csv,34.571426
2025-03-05 17:30:00,505,37.2,59.1,PlantPot_03,moist,WATER,session_03,manual,session_03.csv,32.857143
2025-03-05 17:40:00,510,36.2,72.0,PlantPot_03,moist,NO_WATER,session_03,manual,session_03.csv,31.428572
2025-03-05 17:50:00,507,36.6,71.8,PlantPot_03,moist,WATER,session_03,manual,session_03.csv,32.285713
2025-03-05 18:00:00,517,36.4,70.5,PlantPot_03,dry,WATER,session_03,manual,session_03.csv,29.428572
2025-03-05 18:10:00,513,36.5,66.0,PlantPot_03,moist,WATER,session_03,manual,session_03.csv,30.571428
2025-03-05 18:20:00,516,37.0,69.8,PlantPot_03,dry,WATER,session_03,manual,session_03.csv,29.714287
2025-03-05 18:30:00,531,36.0,65.5,PlantPot_03,dry,WATER,session_03,manual,session_03.csv,25.428572
2025-03-05 18:40:00,516,35.4,67.0,PlantPot_03,dry,WATER,session_03,manual,session_03.csv,29.714287
2025-03-05 18:50:00,509,35.6,61.6,PlantPot_03,moist,WATER,session_03,manual,session_03.csv,31.714285
2025-03-05 19:00:00,539,35.9,67.2,PlantPot_03,dry,WATER,session_03,manual,session_03.csv,23.142859
2025-03-05 19:10:00,548,34.6,67.3,PlantPot_03,dry,WATER,session_03,manual,session_03.csv,20.571428
2025-03-05 19:20:00,530,34.4,62.1,PlantPot_03,dry,WATER,session_03,manual,session_03.csv,25.714287
2025-03-05 19:30:00,521,34.9,66.5,PlantPot_03,dry,WATER,session_03,manual,session_03.csv,28.285715
2025-03-05 19:40:00,534,34.2,67.2,PlantPot_03,dry,WATER,session_03,manual,session_03.csv,24.571428
2025-03-05 19:50:00,536,34.4,74.5,PlantPot_03,dry,WATER,session_03,manual,session_03.csv,24.0
2025-03-05 20:00:00,538,33.7,71.6,PlantPot_03,dry,WATER,session_03,manual,session_03.csv,23.428572
2025-03-05 20:10:00,534,33.8,68.0,PlantPot_03,dry,WATER,session_03,manual,session_03.csv,24.571428
2025-03-05 20:20:00,547,32.7,70.1,PlantPot_03,dry,WATER,session_03,manual,session_03.csv,20.857143
2025-03-05 20:30:00,548,32.9,69.1,PlantPot_03,dry,WATER,session_03,manual,session_03.csv,20.571428
2025-03-05 20:40:00,535,32.6,68.4,PlantPot_03,dry,WATER,session_03,manual,session_03.csv,24.285715
2025-03-05 20:50:00,552,31.8,65.8,PlantPot_03,dry,WATER,session_03,manual,session_03.csv,19.428572
2025-03-05 21:00:00,563,31.4,70.0,PlantPot_03,dry,WATER,session_03,manual,session_03.csv,16.285715
2025-03-05 21:10:00,551,32.2,66.7,PlantPot_03,dry,WATER,session_03,manual,session_03.csv,19.714285
2025-03-05 21:20:00,549,31.4,65.6,PlantPot_03,dry,WATER,session_03,manual,session_03.csv,20.285713
2025-03-05 21:30:00,551,30.9,73.2,PlantPot_03,dry,WATER,session_03,manual,session_03.csv,19.714285
2025-03-05 21:40:00,558,31.1,72.5,PlantPot_03,dry,WATER,session_03,manual,session_03.csv,17.714287
2025-03-05 21:50:00,543,31.4,63.4,PlantPot_03,dry,WATER,session_03,manual,session_03.csv,22.0
2025-03-05 22:00:00,557,29.5,72.2,PlantPot_03,dry,WATER,session_03,manual,session_03.csv,18.0
2025-03-05 22:10:00,554,29.6,76.5,PlantPot_03,dry,WATER,session_03,manual,session_03.csv,18.857141
2025-03-05 22:20:00,571,29.7,76.7,PlantPot_03,dry,WATER,session_03,manual,session_03.csv,14.0
2025-03-05 22:30:00,558,30.7,75.4,PlantPot_03,dry,WATER,session_03,manual,session_03.csv,17.714287
2025-03-05 22:40:00,571,29.9,72.4,PlantPot_03,dry,WATER,session_03,manual,session_03.csv,14.0
2025-03-05 22:50:00,553,29.9,68.8,PlantPot_03,dry,NO_WATER,session_03,manual,session_03.csv,19.142857
2025-03-05 23:00:00,566,28.8,69.1,PlantPot_03,dry,WATER,session_03,manual,session_03.csv,15.428572
2025-03-05 23:10:00,565,28.6,75.0,PlantPot_03,dry,WATER,session_03,manual,session_03.csv,15.714286
2025-03-05 23:20:00,557,29.2,74.5,PlantPot_03,dry,WATER,session_03,manual,session_03.csv,18.0
2025-03-05 23:30:00,565,28.8,78.6,PlantPot_03,dry,WATER,session_03,manual,session_03.csv,15.714286
2025-03-05 23:40:00,573,28.9,77.7,PlantPot_03,dry,WATER,session_03,manual,session_03.csv,13.428572
2025-03-05 23:50:00,563,28.4,73.3,PlantPot_03,dry,WATER,session_03,manual,session_03.csv,16.285715
2025-03-09 17:00:00,294,35.7,54.9,PlantPot_02,wet,WATER,session_05,manual,session_05.csv,93.14285
2025-03-09 17:10:00,309,36.3,55.1,PlantPot_02,wet,NO_WATER,session_05,manual,session_05.csv,88.85715
2025-03-09 17:20:00,308,35.4,58.2,PlantPot_02,wet,NO_WATER,session_05,manual,session_05.csv,89.14286
2025-03-09 17:30:00,322,36.4,50.9,PlantPot_02,wet,NO_WATER,session_05,manual,session_05.csv,85.14286
2025-03-09 17:40:00,337,36.4,58.1,PlantPot_02,wet,NO_WATER,session_05,manual,session_05.csv,80.85715
2025-03-09 17:50:00,347,35.0,62.6,PlantPot_02,wet,NO_WATER,session_05,manual,session_05.csv,78.0
2025-03-09 18:00:00,355,35.3,59.6,PlantPot_02,wet,NO_WATER,session_05,manual,session_05.csv,75.71429
2025-03-09 18:10:00,350,34.6,52.8,PlantPot_02,wet,NO_WATER,session_05,manual,session_05.csv,77.14286
2025-03-09 18:20:00,373,34.4,58.9,PlantPot_02,wet,NO_WATER,session_05,manual,session_05.csv,70.57143
2025-03-09 18:30:00,368,34.8,61.9,PlantPot_02,wet,WATER,session_05,manual,session_05.csv,72.0
2025-03-09 18:40:00,384,34.1,52.2,PlantPot_02,wet,NO_WATER,session_05,manual,session_05.csv,67.42857
2025-03-09 18:50:00,386,34.7,54.8,PlantPot_02,wet,NO_WATER,session_05,manual,session_05.csv,66.85714
2025-03-09 19:00:00,383,33.3,64.1,PlantPot_02,wet,NO_WATER,session_05,manual,session_05.csv,67.71429
2025-03-09 19:10:00,396,33.8,61.1,PlantPot_02,moist,NO_WATER,session_05,manual,session_05.csv,64.0
2025-03-09 19:20:00,407,33.0,62.6,PlantPot_02,moist,NO_WATER,session_05,manual,session_05.csv,60.85714
2025-03-09 19:30:00,414,33.1,68.3,PlantPot_02,moist,NO_WATER,session_05,manual,session_05.csv,58.857143
2025-03-09 19:40:00,414,32.2,63.7,PlantPot_02,moist,NO_WATER,session_05,manual,session_05.csv,58.857143
2025-03-09 19:50:00,430,32.1,64.6,PlantPot_02,moist,NO_WATER,session_05,manual,session_05.csv,54.285717
2025-03-09 20:00:00,431,31.7,73.2,PlantPot_02,moist,NO_WATER,session_05,manual,session_05.csv,54.000004
2025-03-09 20:10:00,427,31.1,62.2,PlantPot_02,moist,NO_WATER,session_05,manual,session_05.csv,55.142857
2025-03-09 20:20:00,439,31.5,59.4,PlantPot_02,moist,NO_WATER,session_05,manual,session_05.csv,51.714283
2025-03-09 20:30:00,451,31.2,64.6,PlantPot_02,moist,NO_WATER,session_05,manual,session_05.csv,48.285713
2025-03-09 20:40:00,456,30.9,65.0,PlantPot_02,moist,NO_WATER,session_05,manual,session_05.csv,46.857143
2025-03-09 20:50:00,437,31.1,60.9,PlantPot_02,moist,NO_WATER,session_05,manual,session_05.csv,52.285713
2025-03-09 21:00:00,443,30.8,59.2,PlantPot_02,moist,NO_WATER,session_05,manual,session_05.csv,50.57143
2025-03-09 21:10:00,464,29.6,73.9,PlantPot_02,moist,NO_WATER,session_05,manual,session_05.csv,44.57143
2025-03-09 21:20:00,449,29.7,65.9,PlantPot_02,moist,NO_WATER,session_05,manual,session_05.csv,48.857143
2025-03-09 21:30:00,451,28.9,62.5,PlantPot_02,moist,NO_WATER,session_05,manual,session_05.csv,48.285713
2025-03-09 21:40:00,460,28.9,69.1,PlantPot_02,moist,NO_WATER,session_05,manual,session_05.csv,45.714287
2025-03-09 21:50:00,470,28.4,65.6,PlantPot_02,moist,NO_WATER,session_05,manual,session_05.csv,42.857143
2025-03-09 22:00:00,469,29.2,64.1,PlantPot_02,moist,NO_WATER,session_05,manual,session_05.csv,43.142857
2025-03-09 22:10:00,468,28.3,68.4,PlantPot_02,moist,NO_WATER,session_05,manual,session_05.csv,43.42857
2025-03-09 22:20:00,471,27.8,61.5,PlantPot_02,moist,NO_WATER,session_05,manual,session_05.csv,42.57143
2025-03-09 22:30:00,473,28.3,67.5,PlantPot_02,moist,NO_WATER,session_05,manual,session_05.csv,42.0
2025-03-09 22:40:00,474,26.4,75.8,PlantPot_02,moist,NO_WATER,session_05,manual,session_05.csv,41.714287
2025-03-09 22:50:00,499,26.2,70.3,PlantPot_02,moist,NO_WATER,session_05,manual,session_05.csv,34.571426
2025-03-09 23:00:00,487,27.4,65.6,PlantPot_02,moist,NO_WATER,session_05,manual,session_05.csv,38.0
2025-03-09 23:10:00,494,26.8,65.7,PlantPot_02,moist,NO_WATER,session_05,manual,session_05.csv,36.0
2025-03-09 23:20:00,486,26.7,66.2,PlantPot_02,moist,NO_WATER,session_05,manual,session_05.csv,38.285713
2025-03-09 23:30:00,491,25.8,67.8,PlantPot_02,moist,NO_WATER,session_05,manual,session_05.csv,36.857143
2025-03-09 23:40:00,489,26.2,66.9,PlantPot_02,moist,NO_WATER,session_05,manual,session_05.csv,37.428574
2025-03-09 23:50:00,477,27.1,71.1,PlantPot_02,moist,NO_WATER,session_05,manual,session_05.csv,40.857143
2025-03-10 00:00:00,488,26.3,61.4,PlantPot_02,moist,NO_WATER,session_05,manual,session_05.csv,37.714283
2025-03-10 00:10:00,487,25.9,72.2,PlantPot_02,moist,NO_WATER,session_05,manual,session_05.csv,38.0
2025-03-10 00:20:00,485,25.4,67.8,PlantPot_02,moist,NO_WATER,session_05,manual,session_05.csv,38.57143
2025-03-10 00:30:00,495,25.3,70.9,PlantPot_02,moist,NO_WATER,session_05,manual,session_05.csv,35.714287
2025-03-10 00:40:00,514,24.4,65.9,PlantPot_02,moist,WATER,session_05,manual,session_05.csv,30.285713
2025-03-10 00:50:00,506,25.5,74.5,PlantPot_02,moist,WATER,session_05,manual,session_05.csv,32.57143
2025-03-10 01:00:00,517,25.7,73.9,PlantPot_02,dry,WATER,session_05,manual,session_05.csv,29.428572
2025-03-10 01:10:00,512,24.4,74.2,PlantPot_02,moist,WATER,session_05,manual,session_05.csv,30.857143
2025-03-10 01:20:00,516,24.8,63.9,PlantPot_02,dry,WATER,session_05,manual,session_05.csv,29.714287
2025-03-10 01:30:00,505,24.5,73.6,PlantPot_02,moist,NO_WATER,session_05,manual,session_05.csv,32.857143
2025-03-10 01:40:00,517,24.6,71.8,PlantPot_02,dry,WATER,session_05,manual,session_05.csv,29.428572
2025-03-10 01:50:00,519,25.1,63.2,PlantPot_02,dry,WATER,session_05,manual,session_05.csv,28.857141
2025-03-10 02:00:00,511,24.0,70.7,PlantPot_02,moist,WATER,session_05,manual,session_05.csv,31.142859
2025-03-10 02:10:00,520,25.3,70.9,PlantPot_02,dry,WATER,session_05,manual,session_05.csv,28.57143
2025-03-10 02:20:00,521,25.4,71.5,PlantPot_02,dry,WATER,session_05,manual,session_05.csv,28.285715
2025-03-10 02:30:00,515,25.0,70.4,PlantPot_02,moist,WATER,session_05,manual,session_05.csv,30.000002
2025-03-10 02:40:00,512,23.9,72.1,PlantPot_02,moist,WATER,session_05,manual,session_05.csv,30.857143
2025-03-10 02:50:00,512,24.7,76.0,PlantPot_02,moist,WATER,session_05,manual,session_05.csv,30.857143
2025-03-10 03:00:00,522,25.9,73.6,PlantPot_02,dry,WATER,session_05,manual,session_05.csv,28.0
2025-03-10 03:10:00,525,23.9,59.5,PlantPot_02,dry,WATER,session_05,manual,session_05.csv,27.142859
2025-03-10 03:20:00,518,25.3,68.1,PlantPot_02,dry,WATER,session_05,manual,session_05.csv,29.142857
2025-03-10 03:30:00,524,24.9,69.2,PlantPot_02,dry,WATER,session_05,manual,session_05.csv,27.42857
2025-03-10 03:40:00,529,26.1,61.5,PlantPot_02,dry,WATER,session_05,manual,session_05.csv,26.0
2025-03-10 03:50:00,530,25.4,69.7,PlantPot_02,dry,WATER,session_05,manual,session_05.csv,25.714287
2025-03-10 04:00:00,537,26.1,73.5,PlantPot_02,dry,WATER,session_05,manual,session_05.csv,23.714287
2025-03-10 04:10:00,536,26.4,63.8,PlantPot_02,dry,WATER,session_05,manual,session_05.csv,24.0
2025-03-10 04:20:00,521,27.2,68.7,PlantPot_02,dry,WATER,session_05,manual,session_05.csv,28.285715
2025-03-10 04:30:00,540,26.3,64.6,PlantPot_02,dry,WATER,session_05,manual,session_05.csv,22.857143
2025-03-10 04:40:00,525,26.8,65.1,PlantPot_02,dry,WATER,session_05,manual,session_05.csv,27.142859
2025-03-10 04:50:00,537,26.1,74.4,PlantPot_02,dry,WATER,session_05,manual,session_05.csv,23.714287
2025-03-11 13:00:00,312,40.2,44.8,PlantPot_03,wet,NO_WATER,session_06,manual,session_06.csv,88.0
2025-03-11 13:10:00,321,40.9,41.0,PlantPot_03,wet,NO_WATER,session_06,manual,session_06.csv,85.42857
2025-03-11 13:20:00,330,40.6,46.2,PlantPot_03,wet,WATER,session_06,manual,session_06.csv,82.85715
2025-03-11 13:30:00,337,40.5,55.8,PlantPot_03,wet,NO_WATER,session_06,manual,session_06.csv,80.85715
2025-03-11 13:40:00,359,41.2,36.3,PlantPot_03,wet,NO_WATER,session_06,manual,session_06.csv,74.571434
2025-03-11 13:50:00,374,40.5,45.5,PlantPot_03,wet,NO_WATER,session_06,manual,session_06.csv,70.28571
2025-03-11 14:00:00,375,39.7,42.0,PlantPot_03,wet,NO_WATER,session_06,manual,session_06.csv,70.0
2025-03-11 14:10:00,367,40.2,46.8,PlantPot_03,wet,NO_WATER,session_06,manual,session_06.csv,72.28571
2025-03-11 14:20:00,388,40.8,44.0,PlantPot_03,wet,NO_WATER,session_06,manual,session_06.csv,66.28571
2025-03-11 14:30:00,396,40.7,47.0,PlantPot_03,moist,NO_WATER,session_06,manual,session_06.csv,64.0
2025-03-11 14:40:00,419,39.7,49.8,PlantPot_03,moist,NO_WATER,session_06,manual,session_06.csv,57.42857
2025-03-11 14:50:00,400,40.1,45.4,PlantPot_03,moist,NO_WATER,session_06,manual,session_06.csv,62.857143
2025-03-11 15:00:00,414,40.1,49.2,PlantPot_03,moist,NO_WATER,session_06,manual,session_06.csv,58.857143
2025-03-11 15:10:00,435,40.1,35.2,PlantPot_03,moist,NO_WATER,session_06,manual,session_06.csv,52.857143
2025-03-11 15:20:00,432,39.5,51.6,PlantPot_03,moist,NO_WATER,session_06,manual,session_06.csv,53.714287
2025-03-11 15:30:00,438,39.8,46.5,PlantPot_03,moist,NO_WATER,session_06,manual,session_06.csv,52.0
2025-03-11 15:40:00,441,39.6,49.5,PlantPot_03,moist,WATER,session_06,manual,session_06.csv,51.14286
2025-03-11 15:50:00,447,40.2,39.6,PlantPot_03,moist,WATER,session_06,manual,session_06.csv,49.42857
2025-03-11 16:00:00,456,40.1,41.3,PlantPot_03,moist,WATER,session_06,manual,session_06.csv,46.857143
2025-03-11 16:10:00,449,39.5,45.9,PlantPot_03,moist,NO_WATER,session_06,manual,session_06.csv,48.857143
2025-03-11 16:20:00,466,39.2,45.5,PlantPot_03,moist,WATER,session_06,manual,session_06.csv,44.0
2025-03-11 16:30:00,454,39.3,46.6,PlantPot_03,moist,WATER,session_06,manual,session_06.csv,47.428574
2025-03-11 16:40:00,471,38.6,50.6,PlantPot_03,moist,WATER,session_06,manual,session_06.csv,42.57143
2025-03-11 16:50:00,474,38.3,39.5,PlantPot_03,moist,WATER,session_06,manual,session_06.csv,41.714287
2025-03-11 17:00:00,472,38.2,50.6,PlantPot_03,moist,WATER,session_06,manual,session_06.csv,42.285713
2025-03-11 17:10:00,480,38.1,46.9,PlantPot_03,moist,WATER,session_06,manual,session_06.csv,40.0
2025-03-11 17:20:00,480,37.6,46.6,PlantPot_03,moist,WATER,session_06,manual,session_06.csv,40.0
2025-03-11 17:30:00,480,38.1,40.9,PlantPot_03,moist,WATER,session_06,manual,session_06.csv,40.0
2025-03-11 17:40:00,488,38.1,48.8,PlantPot_03,moist,WATER,session_06,manual,session_06.csv,37.714283
2025-03-11 17:50:00,486,36.7,38.7,PlantPot_03,moist,WATER,session_06,manual,session_06.csv,38.285713
2025-03-11 18:00:00,499,37.3,50.3,PlantPot_03,moist,WATER,session_06,manual,session_06.csv,34.571426
2025-03-11 18:10:00,492,36.9,42.2,PlantPot_03,moist,WATER,session_06,manual,session_06.csv,36.571426
2025-03-11 18:20:00,508,36.9,48.4,PlantPot_03,moist,WATER,session_06,manual,session_06.csv,32.0
2025-03-11 18:30:00,498,36.5,48.1,PlantPot_03,moist,WATER,session_06,manual,session_06.csv,34.857143
2025-03-11 18:40:00,505,35.5,54.4,PlantPot_03,moist,WATER,session_06,manual,session_06.csv,32.857143
2025-03-11 18:50:00,507,35.3,49.2,PlantPot_03,moist,WATER,session_06,manual,session_06.csv,32.285713
2025-03-11 19:00:00,523,35.7,46.7,PlantPot_03,dry,WATER,session_06,manual,session_06.csv,27.714285
2025-03-11 19:10:00,518,35.9,47.2,PlantPot_03,dry,WATER,session_06,manual,session_06.csv,29.142857
2025-03-11 19:20:00,517,34.0,56.4,PlantPot_03,dry,WATER,session_06,manual,session_06.csv,29.428572
2025-03-11 19:30:00,524,35.0,52.4,PlantPot_03,dry,WATER,session_06,manual,session_06.csv,27.42857
2025-03-11 19:40:00,508,35.1,48.6,PlantPot_03,moist,WATER,session_06,manual,session_06.csv,32.0
2025-03-11 19:50:00,524,34.2,50.2,PlantPot_03,dry,WATER,session_06,manual,session_06.csv,27.42857
2025-03-11 20:00:00,540,34.2,44.8,PlantPot_03,dry,WATER,session_06,manual,session_06.csv,22.857143
2025-03-11 20:10:00,529,33.3,53.7,PlantPot_03,dry,WATER,session_06,manual,session_06.csv,26.0
2025-03-11 20:20:00,531,33.3,45.1,PlantPot_03,dry,WATER,session_06,manual,session_06.csv,25.428572
2025-03-11 20:30:00,536,32.3,56.2,PlantPot_03,dry,WATER,session_06,manual,session_06.csv,24.0
2025-03-11 20:40:00,540,31.6,54.5,PlantPot_03,dry,WATER,session_06,manual,session_06.csv,22.857143
2025-03-11 20:50:00,521,33.0,62.0,PlantPot_03,dry,WATER,session_06,manual,session_06.csv,28.285715
2025-03-11 21:00:00,525,31.8,49.4,PlantPot_03,dry,WATER,session_06,manual,session_06.csv,27.142859
2025-03-11 21:10:00,540,31.8,53.3,PlantPot_03,dry,WATER,session_06,manual,session_06.csv,22.857143
2025-03-11 21:20:00,535,31.0,61.8,PlantPot_03,dry,WATER,session_06,manual,session_06.csv,24.285715
2025-03-11 21:30:00,550,30.7,59.7,PlantPot_03,dry,WATER,session_06,manual,session_06.csv,20.0
2025-03-11 21:40:00,540,31.1,51.7,PlantPot_03,dry,WATER,session_06,manual,session_06.csv,22.857143
2025-03-11 21:50:00,530,30.5,56.1,PlantPot_03,dry,WATER,session_06,manual,session_06.csv,25.714287
2025-03-11 22:00:00,536,30.8,54.9,PlantPot_03,dry,WATER,session_06,manual,session_06.csv,24.0
2025-03-11 22:10:00,527,30.6,56.2,PlantPot_03,dry,WATER,session_06,manual,session_06.csv,26.571428
2025-03-11 22:20:00,545,30.3,52.6,PlantPot_03,dry,WATER,session_06,manual,session_06.csv,21.428572
2025-03-11 22:30:00,547,30.1,55.3,PlantPot_03,dry,WATER,session_06,manual,session_06.csv,20.857143
2025-03-11 22:40:00,546,30.5,48.8,PlantPot_03,dry,WATER,session_06,manual,session_06.csv,21.142857
2025-03-11 22:50:00,558,29.0,57.4,PlantPot_03,dry,WATER,session_06,manual,session_06.csv,17.714287
2025-03-11 23:00:00,559,29.3,58.3,PlantPot_03,dry,WATER,session_06,manual,session_06.csv,17.428572
2025-03-11 23:10:00,551,29.7,55.2,PlantPot_03,dry,WATER,session_06,manual,session_06.csv,19.714285
2025-03-11 23:20:00,538,29.5,49.8,PlantPot_03,dry,WATER,session_06,manual,session_06.csv,23.428572
2025-03-11 23:30:00,558,28.0,61.9,PlantPot_03,dry,WATER,session_06,manual,session_06.csv,17.714287
2025-03-11 23:40:00,558,28.4,59.0,PlantPot_03,dry,WATER,session_06,manual,session_06.csv,17.714287
2025-03-11 23:50:00,558,29.1,53.8,PlantPot_03,dry,WATER,session_06,manual,session_06.csv,17.714287
2025-03-12 00:00:00,563,28.5,56.3,PlantPot_03,dry,WATER,session_06,manual,session_06.csv,16.285715
2025-03-12 00:10:00,549,28.2,51.7,PlantPot_03,dry,WATER,session_06,manual,session_06.csv,20.285713
2025-03-12 00:20:00,572,27.9,53.9,PlantPot_03,dry,WATER,session_06,manual,session_06.csv,13.714285
2025-03-12 00:30:00,551,27.7,56.1,PlantPot_03,dry,WATER,session_06,manual,session_06.csv,19.714285
2025-03-12 00:40:00,564,27.9,63.0,PlantPot_03,dry,WATER,session_06,manual,session_06.csv,16.0
2025-03-12 00:50:00,548,27.5,55.9,PlantPot_03,dry,WATER,session_06,manual,session_06.csv,20.571428
2025-03-15 12:00:00,332,23.8,57.4,PlantPot_02,wet,NO_WATER,session_08,manual,session_08.csv,82.28571
2025-03-15 12:10:00,327,23.9,56.6,PlantPot_02,wet,WATER,session_08,manual,session_08.csv,83.71429
2025-03-15 12:20:00,352,25.0,53.6,PlantPot_02,wet,NO_WATER,session_08,manual,session_08.csv,76.57143
2025-03-15 12:30:00,372,23.7,55.9,PlantPot_02,wet,NO_WATER,session_08,manual,session_08.csv,70.85715
2025-03-15 12:40:00,362,24.3,56.3,PlantPot_02,wet,NO_WATER,session_08,manual,session_08.csv,73.71429
2025-03-15 12:50:00,371,24.6,56.8,PlantPot_02,wet,NO_WATER,session_08,manual,session_08.csv,71.14286
2025-03-15 13:00:00,371,24.2,58.8,PlantPot_02,wet,NO_WATER,session_08,manual,session_08.csv,71.14286
2025-03-15 13:10:00,369,25.4,58.9,PlantPot_02,wet,NO_WATER,session_08,manual,session_08.csv,71.71429
2025-03-15 13:20:00,384,24.0,56.3,PlantPot_02,wet,NO_WATER,session_08,manual,session_08.csv,67.42857
2025-03-15 13:30:00,387,24.4,55.4,PlantPot_02,wet,NO_WATER,session_08,manual,session_08.csv,66.57143
2025-03-15 13:40:00,390,23.9,58.6,PlantPot_02,wet,NO_WATER,session_08,manual,session_08.csv,65.71429
2025-03-15 13:50:00,418,24.1,58.9,PlantPot_02,moist,NO_WATER,session_08,manual,session_08.csv,57.714283
2025-03-15 14:00:00,414,24.4,55.4,PlantPot_02,moist,NO_WATER,session_08,manual,session_08.csv,58.857143
2025-03-15 14:10:00,420,24.7,58.8,PlantPot_02,moist,NO_WATER,session_08,manual,session_08.csv,57.14286
2025-03-15 14:20:00,421,24.4,59.7,PlantPot_02,moist,NO_WATER,session_08,manual,session_08.csv,56.857143
2025-03-15 14:30:00,427,24.9,60.1,PlantPot_02,moist,NO_WATER,session_08,manual,session_08.csv,55.142857
2025-03-15 14:40:00,439,24.2,62.3,PlantPot_02,moist,NO_WATER,session_08,manual,session_08.csv,51.714283
2025-03-15 14:50:00,437,24.0,54.6,PlantPot_02,moist,NO_WATER,session_08,manual,session_08.csv,52.285713
2025-03-15 15:00:00,446,25.5,55.6,PlantPot_02,moist,NO_WATER,session_08,manual,session_08.csv,49.714287
2025-03-15 15:10:00,445,24.3,56.9,PlantPot_02,moist,NO_WATER,session_08,manual,session_08.csv,50.0
2025-03-15 15:20:00,448,23.7,57.2,PlantPot_02,moist,NO_WATER,session_08,manual,session_08.csv,49.142857
2025-03-15 15:30:00,444,23.6,55.7,PlantPot_02,moist,NO_WATER,session_08,manual,session_08.csv,50.285713
2025-03-15 15:40:00,444,23.5,53.3,PlantPot_02,moist,NO_WATER,session_08,manual,session_08.csv,50.285713
2025-03-15 15:50:00,460,24.3,57.1,PlantPot_02,moist,NO_WATER,session_08,manual,session_08.csv,45.714287
2025-03-15 16:00:00,466,23.6,55.3,PlantPot_02,moist,NO_WATER,session_08,manual,session_08.csv,44.0
2025-03-15 16:10:00,460,23.8,57.7,PlantPot_02,moist,NO_WATER,session_08,manual,session_08.csv,45.714287
2025-03-15 16:20:00,472,23.6,55.2,PlantPot_02,moist,NO_WATER,session_08,manual,session_08.csv,42.285713
2025-03-15 16:30:00,476,23.9,54.0,PlantPot_02,moist,NO_WATER,session_08,manual,session_08.csv,41.142857
2025-03-15 16:40:00,463,23.0,59.0,PlantPot_02,moist,NO_WATER,session_08,manual,session_08.csv,44.85714
2025-03-15 16:50:00,475,22.7,59.1,PlantPot_02,moist,NO_WATER,session_08,manual,session_08.csv,41.428574
2025-03-15 17:00:00,487,23.3,59.7,PlantPot_02,moist,WATER,session_08,manual,session_08.csv,38.0
2025-03-15 17:10:00,489,23.4,64.4,PlantPot_02,moist,NO_WATER,session_08,manual,session_08.csv,37.428574
2025-03-15 17:20:00,481,23.1,59.0,PlantPot_02,moist,NO_WATER,session_08,manual,session_08.csv,39.714287
2025-03-15 17:30:00,493,22.4,60.4,PlantPot_02,moist,NO_WATER,session_08,manual,session_08.csv,36.285713
2025-03-15 17:40:00,501,23.0,55.0,PlantPot_02,moist,NO_WATER,session_08,manual,session_08.csv,34.0
2025-03-15 17:50:00,502,22.2,55.3,PlantPot_02,moist,NO_WATER,session_08,manual,session_08.csv,33.714287
2025-03-15 18:00:00,498,22.1,64.0,PlantPot_02,moist,NO_WATER,session_08,manual,session_08.csv,34.857143
2025-03-15 18:10:00,497,21.8,56.8,PlantPot_02,moist,NO_WATER,session_08,manual,session_08.csv,35.142857
2025-03-15 18:20:00,498,22.8,55.4,PlantPot_02,moist,NO_WATER,session_08,manual,session_08.csv,34.857143
2025-03-15 18:30:00,508,22.3,58.9,PlantPot_02,moist,NO_WATER,session_08,manual,session_08.csv,32.0
2025-03-15 18:40:00,508,22.1,59.0,PlantPot_02,moist,NO_WATER,session_08,manual,session_08.csv,32.0
2025-03-15 18:50:00,513,22.3,56.3,PlantPot_02,moist,WATER,session_08,manual,session_08.csv,30.571428
2025-03-15 19:00:00,511,22.9,57.5,PlantPot_02,moist,WATER,session_08,manual,session_08.csv,31.142859
2025-03-15 19:10:00,517,20.5,64.7,PlantPot_02,dry,WATER,session_08,manual,session_08.csv,29.428572
2025-03-15 19:20:00,514,20.8,58.3,PlantPot_02,moist,WATER,session_08,manual,session_08.csv,30.285713
2025-03-15 19:30:00,520,20.7,56.6,PlantPot_02,dry,WATER,session_08,manual,session_08.csv,28.57143
2025-03-15 19:40:00,522,20.4,64.0,PlantPot_02,dry,WATER,session_08,manual,session_08.csv,28.0
2025-03-15 19:50:00,512,20.1,62.9,PlantPot_02,moist,NO_WATER,session_08,manual,session_08.csv,30.857143
2025-03-15 20:00:00,506,20.4,59.3,PlantPot_02,moist,NO_WATER,session_08,manual,session_08.csv,32.57143
2025-03-15 20:10:00,531,19.7,57.2,PlantPot_02,dry,WATER,session_08,manual,session_08.csv,25.428572
2025-03-15 20:20:00,524,20.3,59.0,PlantPot_02,dry,WATER,session_08,manual,session_08.csv,27.42857
2025-03-15 20:30:00,511,20.0,61.4,PlantPot_02,moist,NO_WATER,session_08,manual,session_08.csv,31.142859
2025-03-15 20:40:00,519,20.1,65.0,PlantPot_02,dry,WATER,session_08,manual,session_08.csv,28.857141
2025-03-15 20:50:00,531,19.9,58.6,PlantPot_02,dry,WATER,session_08,manual,session_08.csv,25.428572
2025-03-15 21:00:00,524,19.8,61.5,PlantPot_02,dry,WATER,session_08,manual,session_08.csv,27.42857
2025-03-15 21:10:00,524,19.2,64.5,PlantPot_02,dry,WATER,session_08,manual,session_08.csv,27.42857
2025-03-15 21:20:00,538,20.3,54.1,PlantPot_02,dry,WATER,session_08,manual,session_08.csv,23.428572
2025-03-15 21:30:00,522,19.2,65.6,PlantPot_02,dry,WATER,session_08,manual,session_08.csv,28.0
2025-03-15 21:40:00,525,18.0,60.2,PlantPot_02,dry,WATER,session_08,manual,session_08.csv,27.142859
2025-03-15 21:50:00,533,18.3,64.4,PlantPot_02,dry,WATER,session_08,manual,session_08.csv,24.857143
2025-03-15 22:00:00,535,17.8,64.7,PlantPot_02,dry,WATER,session_08,manual,session_08.csv,24.285715
2025-03-15 22:10:00,536,18.5,66.5,PlantPot_02,dry,WATER,session_08,manual,session_08.csv,24.0
2025-03-15 22:20:00,540,18.3,65.1,PlantPot_02,dry,WATER,session_08,manual,session_08.csv,22.857143
2025-03-15 22:30:00,536,18.0,56.6,PlantPot_02,dry,WATER,session_08,manual,session_08.csv,24.0
2025-03-15 22:40:00,539,19.1,60.2,PlantPot_02,dry,NO_WATER,session_08,manual,session_08.csv,23.142859
2025-03-15 22:50:00,534,18.2,64.0,PlantPot_02,dry,NO_WATER,session_08,manual,session_08.csv,24.571428
2025-03-15 23:00:00,537,18.2,63.0,PlantPot_02,dry,WATER,session_08,manual,session_08.csv,23.714287
2025-03-15 23:10:00,538,17.3,66.0,PlantPot_02,dry,WATER,session_08,manual,session_08.csv,23.428572
2025-03-15 23:20:00,539,17.1,67.1,PlantPot_02,dry,NO_WATER,session_08,manual,session_08.csv,23.142859
2025-03-15 23:30:00,544,17.5,66.2,PlantPot_02,dry,WATER,session_08,manual,session_08.csv,21.714285
2025-03-15 23:40:00,543,17.5,63.7,PlantPot_02,dry,WATER,session_08,manual,session_08.csv,22.0
2025-03-15 23:50:00,540,16.4,60.0,PlantPot_02,dry,WATER,session_08,manual,session_08.csv,22.857143
2025-03-17 10:00:00,298,34.4,63.3,PlantPot_03,wet,NO_WATER,session_09,manual,session_09.csv,92.0
2025-03-17 10:10:00,294,33.1,70.6,PlantPot_03,wet,NO_WATER,session_09,manual,session_09.csv,93.14285
2025-03-17 10:20:00,308,33.5,64.1,PlantPot_03,wet,NO_WATER,session_09,manual,session_09.csv,89.14286
2025-03-17 10:30:00,312,34.5,70.4,PlantPot_03,wet,NO_WATER,session_09,manual,session_09.csv,88.0
2025-03-17 10:40:00,335,35.5,73.7,PlantPot_03,wet,NO_WATER,session_09,manual,session_09.csv,81.428566
2025-03-17 10:50:00,337,34.7,65.3,PlantPot_03,wet,NO_WATER,session_09,manual,session_09.csv,80.85715
2025-03-17 11:00:00,343,35.1,56.6,PlantPot_03,wet,NO_WATER,session_09,manual,session_09.csv,79.14285
2025-03-17 11:10:00,350,35.8,62.4,PlantPot_03,wet,NO_WATER,session_09,manual,session_09.csv,77.14286
2025-03-17 11:20:00,352,36.4,68.8,PlantPot_03,wet,NO_WATER,session_09,manual,session_09.csv,76.57143
2025-03-17 11:30:00,360,35.2,67.4,PlantPot_03,wet,NO_WATER,session_09,manual,session_09.csv,74.28571
2025-03-17 11:40:00,356,35.6,65.8,PlantPot_03,wet,NO_WATER,session_09,manual,session_09.csv,75.428566
2025-03-17 11:50:00,355,36.7,67.6,PlantPot_03,wet,NO_WATER,session_09,manual,session_09.csv,75.71429
2025-03-17 12:00:00,376,35.1,67.3,PlantPot_03,wet,NO_WATER,session_09,manual,session_09.csv,69.71429
2025-03-17 12:10:00,383,36.5,68.7,PlantPot_03,wet,NO_WATER,session_09,manual,session_09.csv,67.71429
2025-03-17 12:20:00,394,35.6,68.5,PlantPot_03,moist,NO_WATER,session_09,manual,session_09.csv,64.57143
2025-03-17 12:30:00,402,36.2,70.2,PlantPot_03,moist,NO_WATER,session_09,manual,session_09.csv,62.285717
2025-03-17 12:40:00,406,36.1,65.7,PlantPot_03,moist,NO_WATER,session_09,manual,session_09.csv,61.142857
2025-03-17 12:50:00,393,35.9,68.1,PlantPot_03,moist,NO_WATER,session_09,manual,session_09.csv,64.85714
2025-03-17 13:00:00,402,35.9,63.2,PlantPot_03,moist,NO_WATER,session_09,manual,session_09.csv,62.285717
2025-03-17 13:10:00,412,36.6,61.3,PlantPot_03,moist,NO_WATER,session_09,manual,session_09.csv,59.428574
2025-03-17 13:20:00,430,37.0,70.1,PlantPot_03,moist,NO_WATER,session_09,manual,session_09.csv,54.285717
2025-03-17 13:30:00,427,36.5,64.7,PlantPot_03,moist,NO_WATER,session_09,manual,session_09.csv,55.142857
2025-03-17 13:40:00,428,36.6,66.9,PlantPot_03,moist,NO_WATER,session_09,manual,session_09.csv,54.85714
2025-03-17 13:50:00,421,36.8,64.0,PlantPot_03,moist,NO_WATER,session_09,manual,session_09.csv,56.857143
2025-03-17 14:00:00,421,36.1,61.9,PlantPot_03,moist,NO_WATER,session_09,manual,session_09.csv,56.857143
2025-03-17 14:10:00,436,36.9,63.4,PlantPot_03,moist,NO_WATER,session_09,manual,session_09.csv,52.571426
2025-03-17 14:20:00,426,37.0,69.0,PlantPot_03,moist,NO_WATER,session_09,manual,session_09.csv,55.42857
2025-03-17 14:30:00,435,37.8,64.6,PlantPot_03,moist,NO_WATER,session_09,manual,session_09.csv,52.857143
2025-03-17 14:40:00,439,36.3,57.2,PlantPot_03,moist,NO_WATER,session_09,manual,session_09.csv,51.714283
2025-03-17 14:50:00,453,36.2,63.3,PlantPot_03,moist,NO_WATER,session_09,manual,session_09.csv,47.714287
2025-03-17 15:00:00,442,36.8,70.6,PlantPot_03,moist,NO_WATER,session_09,manual,session_09.csv,50.857143
2025-03-17 15:10:00,430,36.7,62.7,PlantPot_03,moist,NO_WATER,session_09,manual,session_09.csv,54.285717
2025-03-17 15:20:00,454,36.0,57.1,PlantPot_03,moist,NO_WATER,session_09,manual,session_09.csv,47.428574
2025-03-17 15:30:00,448,36.0,71.9,PlantPot_03,moist,NO_WATER,session_09,manual,session_09.csv,49.142857
2025-03-17 15:40:00,455,36.4,66.6,PlantPot_03,moist,NO_WATER,session_09,manual,session_09.csv,47.142857
2025-03-17 15:50:00,456,35.6,64.5,PlantPot_03,moist,NO_WATER,session_09,manual,session_09.csv,46.857143
2025-03-17 16:00:00,457,35.7,63.2,PlantPot_03,moist,NO_WATER,session_09,manual,session_09.csv,46.571426
2025-03-17 16:10:00,467,35.8,68.9,PlantPot_03,moist,NO_WATER,session_09,manual,session_09.csv,43.714287
2025-03-17 16:20:00,452,36.2,62.0,PlantPot_03,moist,NO_WATER,session_09,manual,session_09.csv,48.0
2025-03-17 16:30:00,461,35.2,69.8,PlantPot_03,moist,NO_WATER,session_09,manual,session_09.csv,45.42857
2025-03-17 16:40:00,472,34.5,68.2,PlantPot_03,moist,NO_WATER,session_09,manual,session_09.csv,42.285713
2025-03-17 16:50:00,464,34.3,67.2,PlantPot_03,moist,NO_WATER,session_09,manual,session_09.csv,44.57143
2025-03-17 17:00:00,459,34.5,66.6,PlantPot_03,moist,NO_WATER,session_09,manual,session_09.csv,46.0
2025-03-17 17:10:00,477,34.3,65.5,PlantPot_03,moist,WATER,session_09,manual,session_09.csv,40.857143
2025-03-17 17:20:00,481,34.7,70.0,PlantPot_03,moist,WATER,session_09,manual,session_09.csv,39.714287
2025-03-17 17:30:00,475,34.0,63.1,PlantPot_03,moist,WATER,session_09,manual,session_09.csv,41.428574
2025-03-17 17:40:00,463,34.1,60.0,PlantPot_03,moist,NO_WATER,session_09,manual,session_09.csv,44.85714
2025-03-17 17:50:00,483,33.9,69.1,PlantPot_03,moist,WATER,session_09,manual,session_09.csv,39.142857
2025-03-17 18:00:00,468,33.8,69.3,PlantPot_03,moist,NO_WATER,session_09,manual,session_09.csv,43.42857
2025-03-17 18:10:00,483,34.5,67.9,PlantPot_03,moist,WATER,session_09,manual,session_09.csv,39.142857
2025-03-17 18:20:00,475,34.0,68.2,PlantPot_03,moist,NO_WATER,session_09,manual,session_09.csv,41.428574
2025-03-17 18:30:00,475,33.5,65.8,PlantPot_03,moist,NO_WATER,session_09,manual,session_09.csv,41.428574
2025-03-17 18:40:00,481,33.0,70.8,PlantPot_03,moist,WATER,session_09,manual,session_09.csv,39.714287
2025-03-17 18:50:00,484,32.8,67.7,PlantPot_03,moist,WATER,session_09,manual,session_09.csv,38.857143
2025-03-17 19:00:00,482,33.0,65.7,PlantPot_03,moist,WATER,session_09,manual,session_09.csv,39.42857
2025-03-17 19:10:00,491,32.9,66.5,PlantPot_03,moist,WATER,session_09,manual,session_09.csv,36.857143
2025-03-17 19:20:00,485,32.0,76.8,PlantPot_03,moist,NO_WATER,session_09,manual,session_09.csv,38.57143
2025-03-17 19:30:00,496,32.2,61.6,PlantPot_03,moist,WATER,session_09,manual,session_09.csv,35.428574
2025-03-17 19:40:00,492,31.0,71.9,PlantPot_03,moist,WATER,session_09,manual,session_09.csv,36.571426
2025-03-17 19:50:00,486,31.9,62.1,PlantPot_03,moist,WATER,session_09,manual,session_09.csv,38.285713
2025-03-17 20:00:00,486,31.9,68.4,PlantPot_03,moist,WATER,session_09,manual,session_09.csv,38.285713
2025-03-17 20:10:00,481,31.2,67.9,PlantPot_03,moist,NO_WATER,session_09,manual,session_09.csv,39.714287
2025-03-17 20:20:00,495,32.0,60.4,PlantPot_03,moist,WATER,session_09,manual,session_09.csv,35.714287
2025-03-17 20:30:00,491,30.5,72.0,PlantPot_03,moist,WATER,session_09,manual,session_09.csv,36.857143
2025-03-17 20:40:00,478,30.8,68.6,PlantPot_03,moist,NO_WATER,session_09,manual,session_09.csv,40.571426
2025-03-17 20:50:00,492,30.4,62.1,PlantPot_03,moist,WATER,session_09,manual,session_09.csv,36.571426
2025-03-17 21:00:00,490,30.2,74.1,PlantPot_03,moist,NO_WATER,session_09,manual,session_09.csv,37.142857
2025-03-17 21:10:00,508,30.0,76.7,PlantPot_03,moist,WATER,session_09,manual,session_09.csv,32.0
2025-03-17 21:20:00,485,29.9,77.0,PlantPot_03,moist,NO_WATER,session_09,manual,session_09.csv,38.57143
2025-03-17 21:30:00,488,30.1,72.3,PlantPot_03,moist,NO_WATER,session_09,manual,session_09.csv,37.714283
2025-03-17 21:40:00,506,30.1,71.0,PlantPot_03,moist,WATER,session_09,manual,session_09.csv,32.57143
2025-03-17 21:50:00,508,29.2,77.1,PlantPot_03,moist,WATER,session_09,manual,session_09.csv,32.0
2025-03-19 15:00:00,334,27.3,57.6,PlantPot_01,wet,NO_WATER,session_10,manual,session_10.csv,81.71429
2025-03-19 15:10:00,331,27.2,59.4,PlantPot_01,wet,NO_WATER,session_10,manual,session_10.csv,82.57143
2025-03-19 15:20:00,339,27.6,57.0,PlantPot_01,wet,WATER,session_10,manual,session_10.csv,80.28571
2025-03-19 15:30:00,353,27.1,56.6,PlantPot_01,wet,NO_WATER,session_10,manual,session_10.csv,76.28571
2025-03-19 15:40:00,351,26.5,57.0,PlantPot_01,wet,NO_WATER,session_10,manual,session_10.csv,76.85715
2025-03-19 15:50:00,366,27.0,56.3,PlantPot_01,wet,NO_WATER,session_10,manual,session_10.csv,72.57143
2025-03-19 16:00:00,368,27.0,54.7,PlantPot_01,wet,NO_WATER,session_10,manual,session_10.csv,72.0
2025-03-19 16:10:00,368,26.9,55.2,PlantPot_01,wet,NO_WATER,session_10,manual,session_10.csv,72.0
2025-03-19 16:20:00,374,26.9,61.0,PlantPot_01,wet,NO_WATER,session_10,manual,session_10.csv,70.28571
2025-03-19 16:30:00,397,27.2,55.9,PlantPot_01,moist,NO_WATER,session_10,manual,session_10.csv,63.714283
2025-03-19 16:40:00,391,26.1,55.1,PlantPot_01,wet,NO_WATER,session_10,manual,session_10.csv,65.42857
2025-03-19 16:50:00,409,26.6,55.3,PlantPot_01,moist,NO_WATER,session_10,manual,session_10.csv,60.285717
2025-03-19 17:00:00,399,27.1,59.6,PlantPot_01,moist,NO_WATER,session_10,manual,session_10.csv,63.14286
2025-03-19 17:10:00,409,25.4,60.2,PlantPot_01,moist,NO_WATER,session_10,manual,session_10.csv,60.285717
2025-03-19 17:20:00,429,26.3,58.9,PlantPot_01,moist,NO_WATER,session_10,manual,session_10.csv,54.571426
2025-03-19 17:30:00,409,25.8,57.0,PlantPot_01,moist,NO_WATER,session_10,manual,session_10.csv,60.285717
2025-03-19 17:40:00,408,25.8,59.5,PlantPot_01,moist,NO_WATER,session_10,manual,session_10.csv,60.571426
2025-03-19 17:50:00,434,25.4,56.3,PlantPot_01,moist,NO_WATER,session_10,manual,session_10.csv,53.142857
2025-03-19 18:00:00,424,25.6,57.2,PlantPot_01,moist,NO_WATER,session_10,manual,session_10.csv,56.0
2025-03-19 18:10:00,433,26.5,59.9,PlantPot_01,moist,NO_WATER,session_10,manual,session_10.csv,53.428574
2025-03-19 18:20:00,433,24.8,61.5,PlantPot_01,moist,WATER,session_10,manual,session_10.csv,53.428574
2025-03-19 18:30:00,443,24.7,56.0,PlantPot_01,moist,NO_WATER,session_10,manual,session_10.csv,50.57143
2025-03-19 18:40:00,437,24.5,56.6,PlantPot_01,moist,NO_WATER,session_10,manual,session_10.csv,52.285713
2025-03-19 18:50:00,446,25.9,58.0,PlantPot_01,moist,NO_WATER,session_10,manual,session_10.csv,49.714287
2025-03-19 19:00:00,454,24.6,64.3,PlantPot_01,moist,NO_WATER,session_10,manual,session_10.csv,47.428574
2025-03-19 19:10:00,447,24.7,53.2,PlantPot_01,moist,NO_WATER,session_10,manual,session_10.csv,49.42857
2025-03-19 19:20:00,452,24.3,60.3,PlantPot_01,moist,NO_WATER,session_10,manual,session_10.csv,48.0
2025-03-19 19:30:00,457,23.9,55.7,PlantPot_01,moist,NO_WATER,session_10,manual,session_10.csv,46.571426
2025-03-19 19:40:00,452,24.1,57.7,PlantPot_01,moist,NO_WATER,session_10,manual,session_10.csv,48.0
2025-03-19 19:50:00,462,25.3,57.2,PlantPot_01,moist,NO_WATER,session_10,manual,session_10.csv,45.142857
2025-03-19 20:00:00,468,24.6,57.8,PlantPot_01,moist,NO_WATER,session_10,manual,session_10.csv,43.42857
2025-03-19 20:10:00,467,23.4,58.8,PlantPot_01,moist,NO_WATER,session_10,manual,session_10.csv,43.714287
2025-03-19 20:20:00,470,24.0,59.8,PlantPot_01,moist,NO_WATER,session_10,manual,session_10.csv,42.857143
2025-03-19 20:30:00,474,23.1,59.1,PlantPot_01,moist,NO_WATER,session_10,manual,session_10.csv,41.714287
2025-03-19 20:40:00,472,22.5,57.0,PlantPot_01,moist,NO_WATER,session_10,manual,session_10.csv,42.285713
2025-03-19 20:50:00,484,23.7,62.4,PlantPot_01,moist,NO_WATER,session_10,manual,session_10.csv,38.857143
2025-03-19 21:00:00,491,23.6,62.5,PlantPot_01,moist,NO_WATER,session_10,manual,session_10.csv,36.857143
2025-03-19 21:10:00,479,23.4,62.9,PlantPot_01,moist,NO_WATER,session_10,manual,session_10.csv,40.285717
2025-03-19 21:20:00,488,22.5,56.8,PlantPot_01,moist,WATER,session_10,manual,session_10.csv,37.714283
2025-03-19 21:30:00,485,22.5,62.3,PlantPot_01,moist,NO_WATER,session_10,manual,session_10.csv,38.57143
2025-03-19 21:40:00,490,22.8,63.1,PlantPot_01,moist,NO_WATER,session_10,manual,session_10.csv,37.142857
2025-03-19 21:50:00,501,22.5,58.3,PlantPot_01,moist,NO_WATER,session_10,manual,session_10.csv,34.0
2025-03-19 22:00:00,495,22.0,62.0,PlantPot_01,moist,NO_WATER,session_10,manual,session_10.csv,35.714287
2025-03-19 22:10:00,480,21.3,62.4,PlantPot_01,moist,NO_WATER,session_10,manual,session_10.csv,40.0
2025-03-19 22:20:00,497,22.0,67.5,PlantPot_01,moist,NO_WATER,session_10,manual,session_10.csv,35.142857
2025-03-19 22:30:00,504,22.4,67.3,PlantPot_01,moist,NO_WATER,session_10,manual,session_10.csv,33.142857
2025-03-19 22:40:00,495,21.1,58.0,PlantPot_01,moist,NO_WATER,session_10,manual,session_10.csv,35.714287
2025-03-19 22:50:00,505,21.9,69.5,PlantPot_01,moist,NO_WATER,session_10,manual,session_10.csv,32.857143
2025-03-19 23:00:00,495,21.6,59.7,PlantPot_01,moist,NO_WATER,session_10,manual,session_10.csv,35.714287
2025-03-19 23:10:00,490,21.8,65.1,PlantPot_01,moist,NO_WATER,session_10,manual,session_10.csv,37.142857
2025-03-19 23:20:00,503,21.7,65.2,PlantPot_01,moist,NO_WATER,session_10,manual,session_10.csv,33.42857
2025-03-19 23:30:00,491,20.8,60.3,PlantPot_01,moist,NO_WATER,session_10,manual,session_10.csv,36.857143
2025-03-19 23:40:00,502,20.3,65.3,PlantPot_01,moist,NO_WATER,session_10,manual,session_10.csv,33.714287
2025-03-19 23:50:00,514,20.7,63.1,PlantPot_01,moist,NO_WATER,session_10,manual,session_10.csv,30.285713
2025-03-20 00:00:00,493,21.4,64.3,PlantPot_01,moist,NO_WATER,session_10,manual,session_10.csv,36.285713
2025-03-20 00:10:00,498,20.6,64.2,PlantPot_01,moist,NO_WATER,session_10,manual,session_10.csv,34.857143
2025-03-20 00:20:00,501,20.4,67.3,PlantPot_01,moist,NO_WATER,session_10,manual,session_10.csv,34.0
2025-03-20 00:30:00,508,19.8,64.6,PlantPot_01,moist,NO_WATER,session_10,manual,session_10.csv,32.0
2025-03-20 00:40:00,507,21.5,62.0,PlantPot_01,moist,NO_WATER,session_10,manual,session_10.csv,32.285713
2025-03-20 00:50:00,520,21.0,66.3,PlantPot_01,dry,WATER,session_10,manual,session_10.csv,28.57143
2025-03-20 01:00:00,518,21.0,64.8,PlantPot_01,dry,WATER,session_10,manual,session_10.csv,29.142857
2025-03-20 01:10:00,515,21.0,65.3,PlantPot_01,moist,NO_WATER,session_10,manual,session_10.csv,30.000002
2025-03-20 01:20:00,514,20.8,61.3,PlantPot_01,moist,NO_WATER,session_10,manual,session_10.csv,30.285713
2025-03-20 01:30:00,516,20.4,60.6,PlantPot_01,dry,WATER,session_10,manual,session_10.csv,29.714287
2025-03-20 01:40:00,508,20.4,62.0,PlantPot_01,moist,NO_WATER,session_10,manual,session_10.csv,32.0
2025-03-20 01:50:00,520,20.3,62.0,PlantPot_01,dry,WATER,session_10,manual,session_10.csv,28.57143
2025-03-20 02:00:00,507,21.8,64.5,PlantPot_01,moist,NO_WATER,session_10,manual,session_10.csv,32.285713
2025-03-20 02:10:00,522,20.7,66.3,PlantPot_01,dry,WATER,session_10,manual,session_10.csv,28.0
2025-03-20 02:20:00,525,20.2,63.5,PlantPot_01,dry,WATER,session_10,manual,session_10.csv,27.142859
2025-03-20 02:30:00,518,20.7,67.7,PlantPot_01,dry,WATER,session_10,manual,session_10.csv,29.142857
2025-03-20 02:40:00,516,20.0,68.3,PlantPot_01,dry,NO_WATER,session_10,manual,session_10.csv,29.714287
2025-03-20 02:50:00,521,21.3,63.5,PlantPot_01,dry,WATER,session_10,manual,session_10.csv,28.285715
