timestamp,soil_raw,temperature_c,humidity_pct,plant_id,soil_condition,irrigation_label,session_id,label_source
2025-03-19T15:00:00,334,27.3,57.6,PlantPot_01,wet,NO_WATER,session_10,manual
2025-03-19T15:10:00,331,27.2,59.4,PlantPot_01,wet,NO_WATER,session_10,manual
2025-03-19T15:20:00,339,27.6,57.0,PlantPot_01,wet,WATER,session_10,manual
2025-03-19T15:30:00,353,27.1,56.6,PlantPot_01,wet,NO_WATER,session_10,manual
2025-03-19T15:40:00,351,26.5,57.0,PlantPot_01,wet,NO_WATER,session_10,manual
2025-03-19T15:50:00,366,27.0,56.3,PlantPot_01,wet,NO_WATER,session_10,manual
2025-03-19T16:00:00,368,27.0,54.7,PlantPot_01,wet,NO_WATER,session_10,manual
2025-03-19T16:10:00,368,26.9,55.2,PlantPot_01,wet,NO_WATER,session_10,manual
2025-03-19T16:20:00,374,26.9,61.0,PlantPot_01,wet,NO_WATER,session_10,manual
2025-03-19T16:30:00,397,27.2,55.9,PlantPot_01,moist,NO_WATER,session_10,manual
2025-03-19T16:40:00,391,26.1,55.1,PlantPot_01,wet,NO_WATER,session_10,manual
2025-03-19T16:50:00,409,26.6,55.3,PlantPot_01,moist,NO_WATER,session_10,manual
2025-03-19T17:00:00,399,27.1,59.6,PlantPot_01,moist,NO_WATER,session_10,manual
2025-03-19T17:10:00,409,25.4,60.2,PlantPot_01,moist,NO_WATER,session_10,manual
2025-03-19T17:20:00,429,26.3,58.9,PlantPot_01,moist,NO_WATER,session_10,manual
2025-03-19T17:30:00,409,25.8,57.0,PlantPot_01,moist,NO_WATER,session_10,manual
2025-03-19T17:40:00,408,25.8,59.5,PlantPot_01,moist,NO_WATER,session_10,manual
2025-03-19T17:50:00,434,25.4,56.3,PlantPot_01,moist,NO_WATER,session_10,manual
2025-03-19T18:00:00,424,25.6,57.2,PlantPot_01,moist,NO_WATER,session_10,manual
2025-03-19T18:10:00,433,26.5,59.9,PlantPot_01,moist,NO_WATER,session_10,manual
2025-03-19T18:20:00,433,24.8,61.5,PlantPot_01,moist,WATER,session_10,manual
2025-03-19T18:30:00,443,24.7,56.0,PlantPot_01,moist,NO_WATER,session_10,manual
2025-03-19T18:40:00,437,24.5,56.6,PlantPot_01,moist,NO_WATER,session_10,manual
2025-03-19T18:50:00,446,25.9,58.0,PlantPot_01,moist,NO_WATER,session_10,manual
2025-03-19T19:00:00,454,24.6,64.3,PlantPot_01,moist,NO_WATER,session_10,manual
2025-03-19T19:10:00,447,24.7,53.2,PlantPot_01,moist,NO_WATER,session_10,manual
2025-03-19T19:20:00,452,24.3,60.3,PlantPot_01,moist,NO_WATER,session_10,manual
2025-03-19T19:30:00,457,23.9,55.7,PlantPot_01,moist,NO_WATER,session_10,manual
2025-03-19T19:40:00,452,24.1,57.7,PlantPot_01,moist,NO_WATER,session_10,manual
2025-03-19T19:50:00,462,25.3,57.2,PlantPot_01,moist,NO_WATER,session_10,manual
2025-03-19T20:00:00,468,24.6,57.8,PlantPot_01,moist,NO_WATER,session_10,manual
2025-03-19T20:10:00,467,23.4,58.8,PlantPot_01,moist,NO_WATER,session_10,manual
2025-03-19T20:20:00,470,24.0,59.8,PlantPot_01,moist,NO_WATER,session_10,manual
2025-03-19T20:30:00,474,23.1,59.1,PlantPot_01,moist,NO_WATER,session_10,manual
2025-03-19T20:40:00,472,22.5,57.0,PlantPot_01,moist,NO_WATER,session_10,manual
2025-03-19T20:50:00,484,23.7,62.4,PlantPot_01,moist,NO_WATER,session_10,manual
2025-03-19T21:00:00,491,23.6,62.5,PlantPot_01,moist,NO_WATER,session_10,manual
2025-03-19T21:10:00,479,23.4,62.9,PlantPot_01,moist,NO_WATER,session_10,manual
2025-03-19T21:20:00,488,22.5,56.8,PlantPot_01,moist,WATER,session_10,manual
2025-03-19T21:30:00,485,22.5,62.3,PlantPot_01,moist,NO_WATER,session_10,manual
2025-03-19T21:40:00,490,22.8,63.1,PlantPot_01,moist,NO_WATER,session_10,manual
2025-03-19T21:50:00,501,22.5,58.3,PlantPot_01,moist,NO_WATER,session_10,manual
2025-03-19T22:00:00,495,22.0,62.0,PlantPot_01,moist,NO_WATER,session_10,manual
2025-03-19T22:10:00,480,21.3,62.4,PlantPot_01,moist,NO_WATER,session_10,manual
2025-03-19T22:20:00,497,22.0,67.5,PlantPot_01,moist,NO_WATER,session_10,manual
2025-03-19T22:30:00,504,22.4,67.3,PlantPot_01,moist,NO_WATER,session_10,manual
2025-03-19T22:40:00,495,21.1,58.0,PlantPot_01,moist,NO_WATER,session_10,manual
2025-03-19T22:50:00,505,21.9,69.5,PlantPot_01,moist,NO_WATER,session_10,manual
2025-03-19T23:00:00,495,21.6,59.7,PlantPot_01,moist,NO_WATER,session_10,manual
2025-03-19T23:10:00,490,21.8,65.1,PlantPot_01,moist,NO_WATER,session_10,manual
2025-03-19T23:20:00,503,21.7,65.2,PlantPot_01,moist,NO_WATER,session_10,manual
2025-03-19T23:30:00,491,20.8,60.3,PlantPot_01,moist,NO_WATER,session_10,manual
2025-03-19T23:40:00,502,20.3,65.3,PlantPot_01,moist,NO_WATER,session_10,manual
2025-03-19T23:50:00,514,20.7,63.1,PlantPot_01,moist,NO_WATER,session_10,manual
2025-03-20T00:00:00,493,21.4,64.3,PlantPot_01,moist,NO_WATER,session_10,manual
2025-03-20T00:10:00,498,20.6,64.2,PlantPot_01,moist,NO_WATER,session_10,manual
2025-03-20T00:20:00,501,20.4,67.3,PlantPot_01,moist,NO_WATER,session_10,manual
2025-03-20T00:30:00,508,19.8,64.6,PlantPot_01,moist,NO_WATER,session_10,manual
2025-03-20T00:40:00,507,21.5,62.0,PlantPot_01,moist,NO_WATER,session_10,manual
2025-03-20T00:50:00,520,21.0,66.3,PlantPot_01,dry,WATER,session_10,manual
2025-03-20T01:00:00,518,21.0,64.8,PlantPot_01,dry,WATER,session_10,manual
2025-03-20T01:10:00,515,21.0,65.3,PlantPot_01,moist,NO_WATER,session_10,manual
2025-03-20T01:20:00,514,20.8,61.3,PlantPot_01,moist,NO_WATER,session_10,manual
2025-03-20T01:30:00,516,20.4,60.6,PlantPot_01,dry,WATER,session_10,manual
2025-03-20T01:40:00,508,20.4,62.0,PlantPot_01,moist,NO_WATER,session_10,manual
2025-03-20T01:50:00,520,20.3,62.0,PlantPot_01,dry,WATER,session_10,manual
2025-03-20T02:00:00,507,21.8,64.5,PlantPot_01,moist,NO_WATER,session_10,manual
2025-03-20T02:10:00,522,20.7,66.3,PlantPot_01,dry,WATER,session_10,manual
2025-03-20T02:20:00,525,20.2,63.5,PlantPot_01,dry,WATER,session_10,manual
2025-03-20T02:30:00,518,20.7,67.7,PlantPot_01,dry,WATER,session_10,manual
2025-03-20T02:40:00,516,20.0,68.3,PlantPot_01,dry,NO_WATER,session_10,manual
2025-03-20T02:50:00,521,21.3,63.5,PlantPot_01,dry,WATER,session_10,manual
